school_name,type,lat,lng
서울신묵초등학교,초등학교,37.60652285,127.0758358
성동초등학교,초등학교,37.53328137,127.089281
서초중학교,중학교,37.48553868,127.0085193
독산고등학교,고등학교,37.47621872,126.9109732
일신여자상업고등학교,고등학교,37.50179413,127.1142413
서울토성초등학교,초등학교,37.53188286,127.1156331
서울등서초등학교,초등학교,37.55188439,126.8550381
중암중학교,중학교,37.57243177,126.9035851
서울성북초등학교,초등학교,37.59405389,126.9987754
혜화여자고등학교,고등학교,37.63130842,127.013212
태릉고등학교,고등학교,37.61916383,127.0855576
용문고등학교,고등학교,37.58869033,127.0246608
서울등양초등학교,초등학교,37.56494704,126.8447602
서울흥인초등학교,초등학교,37.56087001,127.0145555
강일고등학교,고등학교,37.5638281,127.1779035
오산중학교,중학교,37.52358051,127.0008872
성서중학교,중학교,37.5627873,126.9079522
은평중학교,중학교,37.61061869,126.9083472
서울세검정초등학교,초등학교,37.60346883,126.9609387
영훈국제중학교,중학교,37.61468187,127.0280933
서울신목초등학교,초등학교,37.51661098,126.8726408
서울번동초등학교,초등학교,37.62900012,127.0400394
서울신구로초등학교,초등학교,37.49966003,126.8897631
서울신사초등학교,초등학교,37.5928019,126.9119832
광성중학교,중학교,37.54869756,126.9359696
세화고등학교,고등학교,37.50199646,126.99423
영훈고등학교,고등학교,37.61468187,127.0280933
영등포공업고등학교,고등학교,37.56983562,126.8500283
대경생활과학고등학교,고등학교,37.55637326,127.0169792
환일중학교,중학교,37.55360775,126.9628071
서울미양초등학교,초등학교,37.62153242,127.0141334
서울상신초등학교,초등학교,37.59755372,126.9046049
서울신방학초등학교,초등학교,37.66668425,127.0289181
성신초등학교,초등학교,37.59462313,127.0231285
단국대학교부속소프트웨어고등학교,고등학교,37.49562483,127.0577682
숭의여자고등학교,고등학교,37.50736414,126.9292433
압구정고등학교,고등학교,37.53113395,127.0327116
월계고등학교,고등학교,37.63173301,127.0487159
문현고등학교,고등학교,37.48131355,127.1287623
사당중학교,중학교,37.48776119,126.9685407
서울청담초등학교,초등학교,37.52828187,127.045153
명덕여자중학교,중학교,37.55394399,126.8342914
홍익대학교사범대학부속초등학교,초등학교,37.55964474,126.9132084
서울청계초등학교,초등학교,37.64503406,127.0661389
서울대모초등학교,초등학교,37.48059845,127.0859938
한성여자중학교,중학교,37.5830649,127.0117427
서울당산초등학교,초등학교,37.54011912,126.8962411
신남중학교,중학교,37.52077389,126.8478926
은광여자고등학교,고등학교,37.48837857,127.0352324
양화중학교,중학교,37.5196596,126.8959945
서울안산초등학교,초등학교,37.57916901,126.9522097
서울신자초등학교,초등학교,37.53027881,127.0755876
서울여자고등학교,고등학교,37.5477805,126.94907
서울장월초등학교,초등학교,37.62194109,127.0471628
풍납중학교,중학교,37.52536544,127.1156283
상신중학교,중학교,37.58978547,126.9064249
서울장곡초등학교,초등학교,37.61683137,127.0481552
선정중학교,중학교,37.61870451,126.9090316
서울대림초등학교,초등학교,37.5006148,126.9248833
서울잠동초등학교,초등학교,37.51833846,127.099931
온곡중학교,중학교,37.66058142,127.0643327
목일중학교,중학교,37.51354095,126.8740325
영파여자고등학교,고등학교,37.53273562,127.1197395
서울문백초등학교,초등학교,37.44709025,126.8986974
백석중학교,중학교,37.54829091,126.8589539
서울창천초등학교,초등학교,37.55491782,126.9392951
당곡중학교,중학교,37.4923589,126.9326777
계성초등학교,초등학교,37.5049159,126.9968257
창문여자중학교,중학교,37.6134057,127.0357962
서울개운초등학교,초등학교,37.60183902,127.0275962
동북초등학교,초등학교,37.65634868,127.0268766
서울월곡초등학교,초등학교,37.61002442,127.046081
덕성여자고등학교,고등학교,37.57776082,126.9835581
정원여자중학교,중학교,37.58538212,126.9333431
정신여자중학교,중학교,37.50945384,127.0738473
서울행현초등학교,초등학교,37.55770899,127.029368
서울영원초등학교,초등학교,37.51071936,126.9021825
서울중마초등학교,초등학교,37.56579084,127.0790239
방배중학교,중학교,37.49486827,126.997827
서울중원초등학교,초등학교,37.64398229,127.0627832
장원중학교,중학교,37.55396452,127.0060429
서울송파초등학교,초등학교,37.50713737,127.111119
서울도곡초등학교,초등학교,37.49951141,127.0544655
전동중학교,중학교,37.58619359,127.0709291
방원중학교,중학교,37.57597576,126.8086174
난우중학교,중학교,37.46680396,126.9228283
거원중학교,중학교,37.48772386,127.1465491
양재고등학교,고등학교,37.48242164,127.0320796
서울양동초등학교,초등학교,37.52584826,126.8512402
중앙중학교,중학교,37.58378822,126.9874726
서울잠원초등학교,초등학교,37.501859,126.9980966
목동중학교,중학교,37.5209572,126.8714631
등촌고등학교,고등학교,37.56294522,126.8450461
휘경여자고등학교,고등학교,37.58190052,127.0674341
서울가원초등학교,초등학교,37.48944215,127.1110274
무학중학교,중학교,37.55768336,127.0319746
등촌중학교,중학교,37.55248221,126.8592148
배문고등학교,고등학교,37.54999783,126.9639041
서울염동초등학교,초등학교,37.55209548,126.8723509
구일고등학교,고등학교,37.49350529,126.8746185
서울상지초등학교,초등학교,37.57975102,126.8820736
양천중학교,중학교,37.51900116,126.8305508
서울대방초등학교,초등학교,37.50290012,126.9190202
화원중학교,중학교,37.53621409,126.8424164
서울영풍초등학교,초등학교,37.49622,127.1430148
서울세곡초등학교,초등학교,37.5050561,126.8491198
서울삼광초등학교,초등학교,37.54775231,126.9765943
등명중학교,중학교,37.56019335,126.8433041
서울서원초등학교,초등학교,37.5024389,127.0146195
서울명신초등학교,초등학교,37.58146865,127.0146229
압구정중학교,중학교,37.53024224,127.0330027
숙명여자중학교,중학교,37.49147536,127.0526126
동덕여자고등학교,고등학교,37.47583666,126.991995
서울장수초등학교,초등학교,37.5129972,126.8451597
서울봉천초등학교,초등학교,37.4832696,126.9581884
서울한남초등학교,초등학교,37.53920365,127.0055998
신구중학교,중학교,37.52744229,127.0316727
홍익디자인고등학교,고등학교,37.56351064,126.9191663
서울구암초등학교,초등학교,37.48921747,126.9462717
구암중학교,중학교,37.49277532,126.948602
서울자곡초등학교,초등학교,37.47219072,127.0996665
서울은천초등학교,초등학교,37.4865852,126.9426791
남강중학교,중학교,37.47137567,126.9249091
서울답십리초등학교,초등학교,37.56880432,127.055427
경인중학교,중학교,37.49846566,126.8536725
대명중학교,중학교,37.50633641,127.0609849
서울난곡초등학교,초등학교,37.4691282,126.9163416
서울미성초등학교,초등학교,37.47833997,126.9123923
서울독립문초등학교,초등학교,37.57421553,126.9599722
신일중학교,중학교,37.62796722,127.0284273
원묵중학교,중학교,37.61777209,127.0843728
서울옥정초등학교,초등학교,37.54230974,127.0157855
서울봉은초등학교,초등학교,37.52008269,127.0609329
서울중화초등학교,초등학교,37.60292163,127.094065
종암중학교,중학교,37.593111,127.0319913
한강중학교,중학교,37.52361192,126.9927909
신월중학교,중학교,37.54046194,126.828389
서울성산초등학교,초등학교,37.55342789,126.9109504
아주중학교,중학교,37.50523028,127.0765497
서울동일초등학교,초등학교,37.66481537,127.05417
서울개현초등학교,초등학교,37.48078757,127.0616268
서울삼선초등학교,초등학교,37.58714152,127.0126718
중평중학교,중학교,37.63697638,127.0623933
서울신중초등학교,초등학교,37.48015788,127.0093433
서울관광고등학교,고등학교,37.48781542,126.9437608
서울배봉초등학교,초등학교,37.58008416,127.0668719
강서공업고등학교,고등학교,37.57603409,126.8161817
중동고등학교,고등학교,37.49371459,127.0809122
서울수유초등학교,초등학교,37.63124966,127.0202924
서울관악초등학교,초등학교,37.48102565,126.9425545
신수중학교,중학교,37.545923,126.934132
언주중학교,중학교,37.51465316,127.0466832
휘봉고등학교,고등학교,37.58647725,127.068852
서울난우초등학교,초등학교,37.47711829,126.9176525
숭곡중학교,중학교,37.60847848,127.0312998
강북중학교,중학교,37.6449159,127.0253734
서울원명초등학교,초등학교,37.50079587,127.0167076
서울역삼초등학교,초등학교,37.49316528,127.0326527
홍익대학교사범대학부속고등학교,고등학교,37.59366662,127.002805
서울방학초등학교,초등학교,37.66393373,127.032748
서울용두초등학교,초등학교,37.57641309,127.0283872
서울상봉초등학교,초등학교,37.59797895,127.0831714
신원중학교,중학교,37.5370925,126.8248419
서울원광초등학교,초등학교,37.65431092,127.0749142
덕산중학교,중학교,37.6022574,126.9046771
서울중계초등학교,초등학교,37.65784243,127.0733117
서울금천초등학교,초등학교,37.45481034,126.9128749
서울윤중초등학교,초등학교,37.51964164,126.9225908
서울가락초등학교,초등학교,37.50002115,127.1076425
서울강덕초등학교,초등학교,37.55954748,127.1604836
환일고등학교,고등학교,37.55360652,126.9628021
서울해누리초등학교,초등학교,37.49824966,127.1021917
서울여자상업고등학교,고등학교,37.47290457,126.9509181
경인고등학교,고등학교,37.49599268,126.8654289
서울신용산초등학교,초등학교,37.52062959,126.9753663
남성중학교,중학교,37.47900822,126.972489
창일중학교,중학교,37.64898751,127.0469136
서울광남초등학교,초등학교,37.54078809,127.1006653
전일중학교,중학교,37.58250018,127.0583795
서울자운초등학교,초등학교,37.65801094,127.0466811
서울신당초등학교,초등학교,37.56362621,127.0236731
서울용동초등학교,초등학교,37.64108381,127.0690818
서울양원초등학교,초등학교,37.53821733,126.8231052
서울월계초등학교,초등학교,37.62762424,127.0501876
서울중평초등학교,초등학교,37.63753357,127.0639651
우신고등학교,고등학교,37.49490231,126.8263536
월곡중학교,중학교,37.60698163,127.0482588
서울송정초등학교,초등학교,37.56223089,126.8102813
서울정화고등학교,고등학교,37.58604864,127.0410703
청원초등학교,초등학교,37.66525155,127.0625329
서울거원초등학교,초등학교,37.48762503,127.144909
서울문성초등학교,초등학교,37.47491196,126.8994492
봉원중학교,중학교,37.48410274,126.9588909
서운중학교,중학교,37.49394851,127.0245382
서울난향초등학교,초등학교,37.46282189,126.9183368
신도림중학교,중학교,37.51074073,126.8848071
서울강남초등학교,초등학교,37.50619275,126.9533591
오금중학교,중학교,37.50527064,127.1288011
서울면남초등학교,초등학교,37.57725972,127.0876664
서울신학초등학교,초등학교,37.66122045,127.0257213
서울원당초등학교,초등학교,37.48128046,126.9562493
서울송화초등학교,초등학교,37.56769447,126.8168745
서울신답초등학교,초등학교,37.57270461,127.0429617
염창중학교,중학교,37.55426407,126.8717473
홍익대학교사범대학부속여자중학교,중학교,37.55964474,126.9132084
정신여자고등학교,고등학교,37.50945384,127.0738473
가락중학교,중학교,37.50248553,127.1187527
서울강서초등학교,초등학교,37.52241272,126.8409879
서울신림초등학교,초등학교,37.47711985,126.9268767
서울창경초등학교,초등학교,37.65660218,127.0346025
서울원촌초등학교,초등학교,37.50618948,127.0125656
상명대학교사범대학부속초등학교,초등학교,37.60044056,126.9567149
서울숭미초등학교,초등학교,37.65102344,127.0279443
한성과학고등학교,고등학교,37.57543617,126.9523709
서울송천초등학교,초등학교,37.6149052,127.0237354
방산중학교,중학교,37.50937287,127.1218756
상명대학교사범대학부속여자중학교,중학교,37.60410891,126.9551595
서울사당초등학교,초등학교,37.47383628,126.9733501
문일중학교,중학교,37.44891526,126.8987207
서울신원초등학교,초등학교,37.52950283,126.829855
서울미술고등학교,고등학교,37.47669631,126.9667485
서울목동초등학교,초등학교,37.52280877,126.8721195
서울거여초등학교,초등학교,37.50516942,127.1409011
서울청량초등학교,초등학교,37.5923094,127.0559085
동국대학교사범대학부속중학교,중학교,37.57804718,127.0751705
고명외식고등학교,고등학교,37.59767468,127.0191869
성동고등학교,고등학교,37.56411643,127.0223892
덕원여자고등학교,고등학교,37.54862258,126.8290245
우신중학교,중학교,37.49490231,126.8263536
인덕과학기술고등학교,고등학교,37.63034387,127.0544999
동국대학교사범대학부속고등학교,고등학교,37.57804718,127.075133
동명여자고등학교,고등학교,37.61441879,126.9228204
고척고등학교,고등학교,37.50804938,126.8498691
서울문정초등학교,초등학교,37.48907284,127.1290135
국사봉중학교,중학교,37.49353263,126.9440557
서울당서초등학교,초등학교,37.53202744,126.8998142
대영고등학교,고등학교,37.50366109,126.9058657
대일고등학교,고등학교,37.53958612,126.8625699
서울대학교사범대학부설고등학교,고등학교,37.59472384,127.0381204
서울광진초등학교,초등학교,37.54761146,127.0913325
휘경여자중학교,중학교,37.58190052,127.0674341
관악중학교,중학교,37.48125828,126.9619123
신림중학교,중학교,37.47032734,126.946004
한가람고등학교,고등학교,37.53746204,126.8840075
경희고등학교,고등학교,37.59394914,127.054891
봉화중학교,중학교,37.59582753,127.1043156
오류고등학교,고등학교,37.50035507,126.827683
서울숭신초등학교,초등학교,37.56781934,127.0278897
서울옥수초등학교,초등학교,37.54552939,127.0218696
서울숭인초등학교,초등학교,37.6091602,127.0382341
광신방송예술고등학교,고등학교,37.4644762,126.9259406
신림고등학교,고등학교,37.47921049,126.9169672
문현중학교,중학교,37.48058417,127.1279464
동작고등학교,고등학교,37.48260194,126.9650863
가재울고등학교,고등학교,37.57444587,126.9094148
서울신영초등학교,초등학교,37.50100602,126.8960948
이화여자대학교사범대학부속이화·금란중학교,중학교,37.56264282,126.9444886
상계중학교,중학교,37.65260154,127.0689222
미림마이스터고등학교,고등학교,37.4661018,126.9319279
서울하늘초등학교,초등학교,37.5858088,126.8808619
가락고등학교,고등학교,37.50107579,127.1164258
경희초등학교,초등학교,37.59394914,127.054891
동작중학교,중학교,37.49546195,126.9778016
영파여자중학교,중학교,37.53273562,127.1197395
동도중학교,중학교,37.54670177,126.9469053
서울구로남초등학교,초등학교,37.48420602,126.8902182
서울구룡초등학교,초등학교,37.48119739,127.0517714
경복비즈니스고등학교,고등학교,37.55802536,126.8526703
서울신서초등학교,초등학교,37.52055887,126.8623309
서울논현초등학교,초등학교,37.5084232,127.0262229
서울아주초등학교,초등학교,37.50582689,127.075764
송곡고등학교,고등학교,37.60584544,127.1064637
해성여자고등학교,고등학교,37.5818726,127.0569769
한천중학교,중학교,37.63131395,127.0724683
서울면일초등학교,초등학교,37.5920416,127.0997947
서울신계초등학교,초등학교,37.62979163,127.052769
경문고등학교,고등학교,37.49341886,126.9822734
전농중학교,중학교,37.58204428,127.0592794
청원중학교,중학교,37.66525155,127.0625329
경희여자고등학교,고등학교,37.59394914,127.054891
강현중학교,중학교,37.50311599,126.9307563
석관고등학교,고등학교,37.60958929,127.0667176
홍은중학교,중학교,37.59189151,126.9357524
서울면동초등학교,초등학교,37.58535152,127.0865922
해성국제컨벤션고등학교,고등학교,37.5818726,127.0569769
성수중학교,중학교,37.54734181,127.0382534
중화고등학교,고등학교,37.60481461,127.0836541
진명여자고등학교,고등학교,37.52404701,126.8658566
서울신천초등학교,초등학교,37.5140111,127.0950476
서울남천초등학교,초등학교,37.50144683,127.1507951
서울영화초등학교,초등학교,37.50890811,126.9329735
개봉중학교,중학교,37.50352932,126.8423998
서울공진초등학교,초등학교,37.55780477,126.8226104
서울대학교사범대학부설중학교,중학교,37.59582047,127.0391333
문창중학교,중학교,37.49580287,126.9224055
언북중학교,중학교,37.51942855,127.0331263
광신중학교,중학교,37.4644762,126.9259406
개포고등학교,고등학교,37.48495285,127.0594065
원묵고등학교,고등학교,37.61523231,127.0855078
서울전농초등학교,초등학교,37.57473031,127.0543331
문일고등학교,고등학교,37.44891526,126.8987207
하계중학교,중학교,37.64136991,127.0723336
당곡고등학교,고등학교,37.49176034,126.9342464
서울신내초등학교,초등학교,37.60493422,127.1001285
서울중곡초등학교,초등학교,37.57489173,127.083439
서문여자중학교,중학교,37.48891973,126.9845622
서울금화초등학교,초등학교,37.56882755,126.9629414
송파중학교,중학교,37.49592462,127.1299138
서울온곡초등학교,초등학교,37.66754054,127.0659829
잠실중학교,중학교,37.51781757,127.0986662
서울서정초등학교,초등학교,37.52345012,126.8672362
봉은중학교,중학교,37.51897667,127.0623894
서울잠실초등학교,초등학교,37.52010753,127.1113114
동양고등학교,고등학교,37.56901968,126.8470811
정화여자중학교,중학교,37.58604864,127.0410078
봉영여자중학교,중학교,37.50921598,126.8601984
인헌고등학교,고등학교,37.47231073,126.9704851
서울도봉초등학교,초등학교,37.67996175,127.0382887
고척중학교,중학교,37.49974083,126.8613425
대진디자인고등학교,고등학교,37.49042815,127.0959793
안천중학교,중학교,37.45952426,126.8874988
상원중학교,중학교,37.67176621,127.0595044
남서울중학교,중학교,37.48213625,126.9210371
금성초등학교,초등학교,37.61531513,127.0898585
경원중학교,중학교,37.5115816,127.0090183
서울광희초등학교,초등학교,37.56729928,127.0156879
서울보라매초등학교,초등학교,37.49585189,126.9161445
단국대학교사범대학부속고등학교,고등학교,37.49561749,127.0577682
서울방일초등학교,초등학교,37.4852056,126.998849
용화여자고등학교,고등학교,37.65913138,127.0582807
서울신곡초등학교,초등학교,37.53909546,126.8560096
강남중학교,중학교,37.50276263,126.9233466
석촌중학교,중학교,37.50145499,127.1211174
서울백산초등학교,초등학교,37.44673975,126.905146
숭실고등학교,고등학교,37.59327482,126.9024039
창덕여자고등학교,고등학교,37.51624351,127.1402736
가원중학교,중학교,37.49099949,127.1231711
금옥여자고등학교,고등학교,37.51096532,126.8439717
양천고등학교,고등학교,37.5083206,126.8452028
서울세륜초등학교,초등학교,37.51855781,127.1341633
서울정릉초등학교,초등학교,37.61979605,127.0052561
서울수송초등학교,초등학교,37.63732397,127.0332067
서울동구로초등학교,초등학교,37.49407053,126.8927802
경기고등학교,고등학교,37.51756454,127.0560755
서울신우초등학교,초등학교,37.46326397,126.9325353
서울경인초등학교,초등학교,37.53287102,126.8856957
행당중학교,중학교,37.55455404,127.0419634
서울도신초등학교,초등학교,37.49926789,126.9007141
상명중학교,중학교,37.64954781,127.0680416
서울창일초등학교,초등학교,37.64765764,127.0476085
금옥중학교,중학교,37.51096532,126.8439717
중앙대학교사범대학부속중학교,중학교,37.50362942,126.9617326
서울잠일초등학교,초등학교,37.51474166,127.0816362
서울소의초등학교,초등학교,37.55278186,126.9606556
서울과학고등학교,고등학교,37.59154805,126.9984363
경동고등학교,고등학교,37.58669797,127.0163213
장평중학교,중학교,37.56685961,127.0704776
동덕여자중학교,중학교,37.47587863,126.991995
서울불광초등학교,초등학교,37.61342945,126.9307187
서울봉래초등학교,초등학교,37.55641234,126.9652506
덕성여자중학교,중학교,37.57778598,126.9819235
서울영희초등학교,초등학교,37.4923004,127.0811328
서울금동초등학교,초등학교,37.44773848,126.9163989
서울가주초등학교,초등학교,37.49656722,127.1292617
성동글로벌경영고등학교,고등학교,37.56585472,127.0135246
반포고등학교,고등학교,37.50270273,127.0165603
선유중학교,중학교,37.53328647,126.8943293
선덕고등학교,고등학교,37.65634868,127.0268766
대경중학교,중학교,37.55637326,127.0169792
대일외국어고등학교,고등학교,37.61330459,127.014176
강서고등학교,고등학교,37.53631557,126.8657711
자양고등학교,고등학교,37.53607797,127.0733395
서울창림초등학교,초등학교,37.64323708,127.0416041
서울용곡초등학교,초등학교,37.56710862,127.088453
성심여자중학교,중학교,37.53420937,126.9545934
서울신흥초등학교,초등학교,37.45934816,126.9093508
서울양명초등학교,초등학교,37.51637495,126.8566349
서울동구고등학교,고등학교,37.59410587,127.0082153
리라초등학교,초등학교,37.5578197,126.9879121
서울언북초등학교,초등학교,37.52012517,127.0447158
대성중학교,중학교,37.62314228,126.9097907
서울상월초등학교,초등학교,37.65865224,127.05698
서울숭곡초등학교,초등학교,37.60840947,127.0328151
서울대영초등학교,초등학교,37.50267937,126.9063367
서울상암초등학교,초등학교,37.57633795,126.8923219
서라벌고등학교,고등학교,37.64525653,127.0758406
한세사이버보안고등학교,고등학교,37.55178983,126.9520321
혜성여자고등학교,고등학교,37.64055021,127.0736197
서울새솔초등학교,초등학교,37.61798909,127.1113284
성신여자고등학교,고등학교,37.59428963,127.0224072
서울구남초등학교,초등학교,37.53709659,127.0922888
서일문화예술고등학교,고등학교,37.57937936,127.0127598
서울면북초등학교,초등학교,37.59441816,127.1035478
서울안천초등학교,초등학교,37.45874564,126.88839
인헌중학교,중학교,37.47269621,126.9688402
중앙대학교사범대학부속고등학교,고등학교,37.4919059,127.0521116
청담고등학교,고등학교,37.52800302,127.0437002
경희중학교,중학교,37.59394914,127.054891
서울홍제초등학교,초등학교,37.59350546,126.9454205
대광고등학교,고등학교,37.57795467,127.0253235
이수중학교,중학교,37.48063003,126.989859
중산고등학교,고등학교,37.48574293,127.0814285
보성고등학교,고등학교,37.52008989,127.1357293
서울서신초등학교,초등학교,37.59229405,126.9073823
서울중목초등학교,초등학교,37.59008735,127.0793361
월계중학교,중학교,37.63113114,127.0523203
서울신남성초등학교,초등학교,37.48815254,126.96487
서울선곡초등학교,초등학교,37.61869443,127.0578029
서울오류초등학교,초등학교,37.49752741,126.84203
서울체육고등학교,고등학교,37.52233038,127.1298226
서울금옥초등학교,초등학교,37.54584824,127.0176012
서울가곡초등학교,초등학교,37.55570761,126.8361031
서울정덕초등학교,초등학교,37.59823995,127.0134213
개운중학교,중학교,37.59462665,127.0248421
언남고등학교,고등학교,37.47233002,127.0430052
광진중학교,중학교,37.53221959,127.0901621
서울상현초등학교,초등학교,37.49487439,126.9526884
서울한천초등학교,초등학교,37.62070936,127.0692435
당산서중학교,중학교,37.53248394,126.8988251
서울용마초등학교,초등학교,37.55782735,127.0835274
서울용원초등학교,초등학교,37.62992285,127.0689401
연북중학교,중학교,37.57758095,126.9384801
상계제일중학교,중학교,37.6610756,127.0780785
경기초등학교,초등학교,37.56511029,126.9628606
태랑중학교,중학교,37.62698409,127.0913718
방화중학교,중학교,37.56433471,126.8071069
강일중학교,중학교,37.5553497,127.1382586
명덕여자고등학교,고등학교,37.55394399,126.8342914
한강미디어고등학교,고등학교,37.53929145,126.8972599
서울장평초등학교,초등학교,37.57399502,127.073891
휘문고등학교,고등학교,37.50528945,127.0619939
동국대학교사범대학부속가람중학교,중학교,37.54192936,127.0869731
서울수서초등학교,초등학교,37.49115148,127.1015496
서울가재울초등학교,초등학교,37.57376442,126.9183891
덕수고등학교,고등학교,37.48528924,127.1468965
영원중학교,중학교,37.51497419,126.9136469
현대고등학교,고등학교,37.5254805,127.0223773
서울상수초등학교,초등학교,37.65110502,127.0647586
서울묵현초등학교,초등학교,37.60908041,127.0736243
성산중학교,중학교,37.54731637,126.9165628
영락고등학교,고등학교,37.47654259,126.9454164
서울서래초등학교,초등학교,37.496404,126.9901565
문래중학교,중학교,37.52041829,126.8841404
문정중학교,중학교,37.48848095,127.1300209
서울탑동초등학교,초등학교,37.45251655,126.9153675
서울수암초등학교,초등학교,37.64769283,127.0814646
세화여자중학교,중학교,37.5019828,126.99423
서울대곡초등학교,초등학교,37.49471064,127.0650265
잠실고등학교,고등학교,37.52293043,127.106515
광운중학교,중학교,37.61923977,127.0565452
대동세무고등학교,고등학교,37.58158273,126.9879513
대성고등학교,고등학교,37.62316122,126.9097907
신동중학교,중학교,37.5169159,127.0129154
단국대학교사범대학부속중학교,중학교,37.49561749,127.0577682
배명중학교,중학교,37.4976895,127.0958118
서울서빙고초등학교,초등학교,37.52206892,126.9923004
은석초등학교,초등학교,37.57855999,127.0757616
인수중학교,중학교,37.64386667,127.0099213
건국대학교사범대학부속고등학교,고등학교,37.53918267,127.0747119
문성중학교,중학교,37.4754682,126.9084938
서울위례솔초등학교,초등학교,37.48701307,127.1505867
서울문덕초등학교,초등학교,37.48518009,127.127729
서울양화초등학교,초등학교,37.5436693,126.873986
서울일신초등학교,초등학교,37.59881357,127.0401072
동마중학교,중학교,37.56280251,127.0403512
서울신동초등학교,초등학교,37.51713004,127.0113904
서울전곡초등학교,초등학교,37.58070429,127.0560124
을지중학교,중학교,37.64978791,127.0717084
창문여자고등학교,고등학교,37.6134057,127.0357962
덕일전자공업고등학교,고등학교,37.49053652,126.8371091
서울영동초등학교,초등학교,37.52700691,126.9077034
영신여자고등학교,고등학교,37.65245208,127.0832893
서울대동초등학교,초등학교,37.49370503,126.9001194
서울화곡초등학교,초등학교,37.54366962,126.8464717
서울미동초등학교,초등학교,37.56335057,126.9658506
서울봉현초등학교,초등학교,37.49124068,126.9555874
서울은평초등학교,초등학교,37.60230404,126.9340336
서울컨벤션고등학교,고등학교,37.5592845,127.1580303
오주중학교,중학교,37.50150661,127.1362653
서울당중초등학교,초등학교,37.52628923,126.8894135
목동고등학교,고등학교,37.50921598,126.860143
서울도림초등학교,초등학교,37.50750302,126.9072907
용산고등학교,고등학교,37.54480263,126.981731
잠실여자고등학교,고등학교,37.50179413,127.1142413
구로고등학교,고등학교,37.49884008,126.8903092
위례솔중학교,중학교,37.48701307,127.1505867
한양대학교사범대학부속중학교,중학교,37.56191884,127.042324
서울선유초등학교,초등학교,37.53287919,126.8927768
서울청파초등학교,초등학교,37.5473049,126.9635439
서울남사초등학교,초등학교,37.48194349,126.9782341
서울버들초등학교,초등학교,37.51028143,127.0889992
서울대도초등학교,초등학교,37.49260076,127.0533774
덕원예술고등학교,고등학교,37.54862258,126.8290245
홍익대학교사범대학부속중학교,중학교,37.59366662,127.002805
서울두산초등학교,초등학교,37.46754839,126.8909461
수서중학교,중학교,37.49120377,127.1023799
서울왕북초등학교,초등학교,37.48632828,127.0860547
서울독산초등학교,초등학교,37.46565691,126.8997128
서울연지초등학교,초등학교,37.63319251,127.0595343
오류중학교,중학교,37.50786222,126.8462113
장안중학교,중학교,37.60077444,127.0809965
신천중학교,중학교,37.51625001,127.0792834
잠신고등학교,고등학교,37.51470129,127.088283
동산초등학교,초등학교,37.55620463,127.0167254
서울은로초등학교,초등학교,37.50314888,126.9599535
옥정중학교,중학교,37.54167037,127.0129832
서울동산고등학교,고등학교,37.63077798,127.0739984
서울가양초등학교,초등학교,37.56221719,126.8585216
서울영림초등학교,초등학교,37.48734601,126.9025393
서울신성초등학교,초등학교,37.47200331,126.9367542
천일중학교,중학교,37.54590987,127.1276362
광양중학교,중학교,37.53089134,127.08617
서울마천초등학교,초등학교,37.49550545,127.1526295
서울오현초등학교,초등학교,37.62341912,127.0465761
서울남부초등학교,초등학교,37.48511944,126.9221838
송정중학교,중학교,37.55315807,126.8152435
신현중학교,중학교,37.60441346,127.0915328
창북중학교,중학교,37.64911577,127.0388329
서울미아초등학교,초등학교,37.61058761,127.0216444
선유고등학교,고등학교,37.53390162,126.8948507
삼선중학교,중학교,37.59174763,127.0078716
서울고현초등학교,초등학교,37.55405326,127.1658598
서울천왕초등학교,초등학교,37.48145598,126.8370629
서울원묵초등학교,초등학교,37.61774881,127.0868142
삼정중학교,중학교,37.5814869,126.8106015
서울동의초등학교,초등학교,37.55342244,127.0990473
서울을지초등학교,초등학교,37.65058885,127.0730918
서울금산초등학교,초등학교,37.44144269,126.9080871
동양중학교,중학교,37.51022314,126.9574775
북악중학교,중학교,37.60700905,127.0016095
서울은진초등학교,초등학교,37.63303012,126.920996
서울가산초등학교,초등학교,37.47816515,126.8963297
난곡중학교,중학교,37.47804558,126.9107916
서울신강초등학교,초등학교,37.52584419,126.8422639
고려대학교사범대학부속고등학교,고등학교,37.60783857,127.0028302
상도중학교,중학교,37.4909219,126.9614756
솔샘중학교,중학교,37.62366717,127.0121792
오산고등학교,고등학교,37.52350529,127.0008872
서울오륜초등학교,초등학교,37.51242411,127.1345763
서울개명초등학교,초등학교,37.48303904,126.8509791
서울상계초등학교,초등학교,37.65962546,127.066495
서라벌중학교,중학교,37.65698403,127.0114883
서울여의도초등학교,초등학교,37.52320482,126.9367944
오금고등학교,고등학교,37.50453217,127.128969
용곡중학교,중학교,37.56595126,127.0890896
숭인중학교,중학교,37.57392046,127.0440889
중원중학교,중학교,37.64423868,127.0680295
서울수색초등학교,초등학교,37.58517215,126.8960121
신관중학교,중학교,37.48020125,126.9344522
서울삼육초등학교,초등학교,37.5887715,127.0471713
이화여자대학교사범대학부속이화금란고등학교,고등학교,37.56638886,126.9473028
당산중학교,중학교,37.53203308,126.907614
세명컴퓨터고등학교,고등학교,37.6277708,126.9232499
광신고등학교,고등학교,37.4644762,126.9259406
서울학동초등학교,초등학교,37.51226106,127.0395978
서일중학교,중학교,37.49852986,127.0232207
송곡여자고등학교,고등학교,37.60668904,127.1051455
서울대치초등학교,초등학교,37.49127807,127.0621964
서울문영여자고등학교,고등학교,37.47290457,126.9509181
건국대학교사범대학부속중학교,중학교,37.54172407,127.0815971
세화여자고등학교,고등학교,37.50199646,126.99423
서울흑석초등학교,초등학교,37.50829272,126.9651701
서울혜화초등학교,초등학교,37.58863443,127.0002536
수송중학교,중학교,37.63680065,127.0339176
혜원여자고등학교,고등학교,37.59327987,127.0970427
서울오금초등학교,초등학교,37.50886634,127.1323312
광운인공지능고등학교,고등학교,37.61923977,127.0565452
서울공릉초등학교,초등학교,37.61861443,127.0746314
서울신길초등학교,초등학교,37.51087166,126.9267292
서울공덕초등학교,초등학교,37.54580335,126.9548231
고명중학교,중학교,37.59767468,127.0191869
중계중학교,중학교,37.65563822,127.0752409
은성중학교,중학교,37.48837857,127.0352324
서울이수초등학교,초등학교,37.47837133,126.9844171
북서울중학교,중학교,37.68154186,127.0428342
서울망우초등학교,초등학교,37.59873698,127.1038418
서울길원초등학교,초등학교,37.60906464,127.0167996
세종과학고등학교,고등학교,37.4975694,126.8273517
서울원효초등학교,초등학교,37.53616126,126.9515453
한영외국어고등학교,고등학교,37.54914056,127.1577731
서울동작초등학교,초등학교,37.49410161,126.9765088
서문여자고등학교,고등학교,37.48891973,126.9845458
천왕중학교,중학교,37.48265442,126.8373336
배화여자고등학교,고등학교,37.57954401,126.9672919
서울영중초등학교,초등학교,37.5241433,126.9036955
진관고등학교,고등학교,37.64333857,126.9243825
서울동원초등학교,초등학교,37.60457824,127.1044913
화곡고등학교,고등학교,37.54793611,126.8315357
성남중학교,중학교,37.50528157,126.9266153
서울신현초등학교,초등학교,37.60581459,127.0935852
서울신창초등학교,초등학교,37.63659186,127.0420843
숭실중학교,중학교,37.59327482,126.9024039
방학중학교,중학교,37.66546957,127.030859
서울삼릉초등학교,초등학교,37.51325992,127.0469495
청담중학교,중학교,37.52865979,127.0448101
서울정곡초등학교,초등학교,37.57695491,126.8189328
서울장안초등학교,초등학교,37.54987645,127.0724025
서울서이초등학교,초등학교,37.49156467,127.025618
대원여자고등학교,고등학교,37.56249619,127.0894052
서울태랑초등학교,초등학교,37.62625056,127.0906031
서울행림초등학교,초등학교,37.48280761,126.9649643
서울청룡초등학교,초등학교,37.47672527,126.9512057
광영고등학교,고등학교,37.5371981,126.8232759
선일여자중학교,중학교,37.62030421,126.9119931
서울구일초등학교,초등학교,37.49319187,126.8734727
광영여자고등학교,고등학교,37.5371981,126.8232464
서울신양초등학교,초등학교,37.53462395,127.0699953
서울포이초등학교,초등학교,37.47591562,127.0525106
서울증산초등학교,초등학교,37.58256527,126.9042764
서울남성초등학교,초등학교,37.48459498,126.9754874
서울갈산초등학교,초등학교,37.51237156,126.8702299
은평고등학교,고등학교,37.60984462,126.9057368
구의중학교,중학교,37.5428503,127.0788404
서울길동초등학교,초등학교,37.5385062,127.1449729
서울신남초등학교,초등학교,37.51652866,126.8447962
서울창도초등학교,초등학교,37.66413487,127.048784
신상중학교,중학교,37.65190308,127.0639869
상경중학교,중학교,37.66714877,127.0537053
서울석계초등학교,초등학교,37.60881368,127.0697321
개원중학교,중학교,37.49163975,127.0714157
수명중학교,중학교,37.54856699,126.8240596
남강고등학교,고등학교,37.47137567,126.9249091
신연중학교,중학교,37.58271543,126.9398364
배문중학교,중학교,37.54991872,126.9639041
덕원중학교,중학교,37.54862258,126.8290245
경희여자중학교,중학교,37.59394914,127.054891
충암고등학교,고등학교,37.58464029,126.9218095
영서중학교,중학교,37.48911393,126.8956154
구로중학교,중학교,37.49485972,126.8910999
성남고등학교,고등학교,37.50528157,126.9266153
서울종암초등학교,초등학교,37.58230741,127.0318564
서울율현초등학교,초등학교,37.47451551,127.1082848
영란여자중학교,중학교,37.6031324,127.1053324
명지중학교,중학교,37.58491135,126.9270902
대광중학교,중학교,37.57795467,127.0253235
서울영도초등학교,초등학교,37.53596257,126.871927
서울남정초등학교,초등학교,37.53567383,126.9648037
서울누원초등학교,초등학교,37.68723271,127.0492672
청운중학교,중학교,37.58916985,126.9710959
서울연희초등학교,초등학교,37.56904593,126.9341423
서울양진초등학교,초등학교,37.54457517,127.0983249
대진고등학교,고등학교,37.63780685,127.07609
천호중학교,중학교,37.54651926,127.139698
한양대학교사범대학부속고등학교,고등학교,37.56191884,127.042324
서울숭례초등학교,초등학교,37.59452119,127.0352972
재현고등학교,고등학교,37.66129064,127.0807998
신정여자중학교,중학교,37.53838143,126.8570622
서울유현초등학교,초등학교,37.63234717,127.011421
리라아트고등학교,고등학교,37.55711546,126.988252
불암중학교,중학교,37.64573547,127.0734572
상봉중학교,중학교,37.60152799,127.0901246
경기여자고등학교,고등학교,37.48691516,127.065453
서울경일초등학교,초등학교,37.5409419,127.0466051
서울진관초등학교,초등학교,37.64543483,126.9292124
서울용강초등학교,초등학교,37.54910215,126.9440443
상암고등학교,고등학교,37.58138322,126.8833945
서울목운초등학교,초등학교,37.52700952,126.8730442
서울신북초등학교,초등학교,37.57110496,126.9053603
영동고등학교,고등학교,37.52138901,127.0437393
명덕외국어고등학교,고등학교,37.55394399,126.8342914
선일초등학교,초등학교,37.62030421,126.9119931
서울개포초등학교,초등학교,37.48662512,127.070767
배명고등학교,고등학교,37.4976895,127.0958118
보성여자중학교,중학교,37.54308154,126.9842842
삼성중학교,중학교,37.4676059,126.9425132
서울방배초등학교,초등학교,37.4867641,126.9871924
등원중학교,중학교,37.55971763,126.8516806
서울삼정초등학교,초등학교,37.58050843,126.8104937
서울덕의초등학교,초등학교,37.50605683,126.857346
동명생활경영고등학교,고등학교,37.61441879,126.9228204
서울화계초등학교,초등학교,37.62388498,127.0297162
번동중학교,중학교,37.63244533,127.0362077
서울방이초등학교,초등학교,37.51343915,127.1204994
서울본동초등학교,초등학교,37.50992508,126.9538508
서울개화초등학교,초등학교,37.57394373,126.8046464
서울대진초등학교,초등학교,37.49701211,127.0780425
서울방화초등학교,초등학교,37.56870373,126.8074982
신목중학교,중학교,37.53702399,126.8730725
장승중학교,중학교,37.50314858,126.940834
서울용산초등학교,초등학교,37.53561344,126.9725506
광장중학교,중학교,37.54717752,127.1019276
숭문고등학교,고등학교,37.55087275,126.9457596
한성고등학교,고등학교,37.55909644,126.9544615
성동공업고등학교,고등학교,37.56936315,127.0172917
서울강신초등학교,초등학교,37.54209971,126.8295837
광성고등학교,고등학교,37.54869756,126.9359696
서울매헌초등학교,초등학교,37.47126248,127.0420698
선정고등학교,고등학교,37.61870451,126.9090316
서울정수초등학교,초등학교,37.60377489,127.0077189
중앙여자고등학교,고등학교,37.56317672,126.9540593
선덕중학교,중학교,37.65634868,127.0268766
자양중학교,중학교,37.53539805,127.074384
방이중학교,중학교,37.51501058,127.1132445
서울송원초등학교,초등학교,37.55415927,127.0695262
보인고등학교,고등학교,37.4975692,127.1395178
예림디자인고등학교,고등학교,37.50035507,126.827683
서울등현초등학교,초등학교,37.56145118,126.8475984
서울불암초등학교,초등학교,37.65078442,127.0806018
신광여자중학교,중학교,37.54289988,126.9694475
서울개롱초등학교,초등학교,37.49736261,127.1398881
서울남산초등학교,초등학교,37.55978374,126.9867556
서울풍납초등학교,초등학교,37.53440483,127.1172037
서울효제초등학교,초등학교,37.57268283,127.003491
문정고등학교,고등학교,37.4851785,127.1266921
서울신은초등학교,초등학교,37.51391281,126.8321696
서울공업고등학교,고등학교,37.50190126,126.9223834
서울신화초등학교,초등학교,37.63319504,127.0408842
서울자양초등학교,초등학교,37.53698824,127.0797396
서울면목초등학교,초등학교,37.5906966,127.0872878
서울대현초등학교,초등학교,37.50372159,127.0635654
진선여자고등학교,고등학교,37.50230289,127.0482866
경복여자고등학교,고등학교,37.55782183,126.8505957
서울교육대학교부설초등학교,초등학교,37.49074049,127.0154245
한국삼육고등학교,고등학교,37.64335737,127.1088503
이화여자고등학교,고등학교,37.56617664,126.9713244
서울중광초등학교,초등학교,37.56524214,127.082693
중앙대학교사범대학부속초등학교,초등학교,37.50545264,126.9596777
서울용암초등학교,초등학교,37.54455872,126.9889455
서울청덕초등학교,초등학교,37.61203173,127.0003334
서울문영여자중학교,중학교,37.47290457,126.9509181
성암국제무역고등학교,고등학교,37.62041353,127.0239059
서울웹툰애니메이션고등학교,고등학교,37.46972182,126.9883284
서울초당초등학교,초등학교,37.65862783,127.0219562
강신중학교,중학교,37.51513716,126.8381601
한양공업고등학교,고등학교,37.5658716,127.0114433
서울인왕초등학교,초등학교,37.59023007,126.9448045
서울가동초등학교,초등학교,37.49741227,127.1300159
서울군자초등학교,초등학교,37.56412232,127.0605233
서울금양초등학교,초등학교,37.54094231,126.9618319
보성중학교,중학교,37.52008989,127.1357293
서울문교초등학교,초등학교,37.46672027,126.9088159
운현초등학교,초등학교,37.57663053,126.9881575
서울대학교사범대학부설여자중학교,중학교,37.5775997,127.0042955
서울외국어고등학교,고등학교,37.64578079,127.0515087
서울언주초등학교,초등학교,37.486322,127.036793
서울월촌초등학교,초등학교,37.54069543,126.876258
서울청구초등학교,초등학교,37.55911668,127.0137244
서울한서초등학교,초등학교,37.55364783,126.9497788
유한공업고등학교,고등학교,37.48791416,126.8232907
하나고등학교,고등학교,37.64163759,126.9369302
언남중학교,중학교,37.47240137,127.0442813
서울신월초등학교,초등학교,37.54036551,126.8394555
서울문화고등학교,고등학교,37.66413143,127.0472858
가산중학교,중학교,37.46877706,126.8944749
서울신석초등학교,초등학교,37.54453582,126.9377793
금천고등학교,고등학교,37.44480673,126.9049018
성재중학교,중학교,37.56944938,126.8452953
서울신가초등학교,초등학교,37.5003628,127.1198778
미림여자고등학교,고등학교,37.4661018,126.9319279
경서중학교,중학교,37.56124186,126.857764
서울공항초등학교,초등학교,37.56302167,126.8216459
서울구현초등학교,초등학교,37.60984462,126.9057958
서울대길초등학교,초등학교,37.49811236,126.9131739
서울인헌초등학교,초등학교,37.47675499,126.9598639
영일고등학교,고등학교,37.54728726,126.8620589
서울공연예술고등학교,고등학교,37.49993066,126.8326087
서울신미림초등학교,초등학교,37.50714192,126.8795527
서울미래초등학교,초등학교,37.50510665,126.8880137
서울로봇고등학교,고등학교,37.48073174,127.0845761
삼각산중학교,중학교,37.61614897,127.0145684
서울상곡초등학교,초등학교,37.66290401,127.0620747
영신간호비즈니스고등학교,고등학교,37.65245208,127.083205
서울신구초등학교,초등학교,37.52336057,127.0239924
서울연가초등학교,초등학교,37.5795632,126.9173292
양정중학교,중학교,37.53538402,126.8877343
서울은정초등학교,초등학교,37.51112797,126.8670434
서울상원초등학교,초등학교,37.66763033,127.0597173
서울우암초등학교,초등학교,37.47229555,127.0237234
서울신도림초등학교,초등학교,37.51198439,126.8832546
중랑중학교,중학교,37.60535089,127.0807928
창동고등학교,고등학교,37.65103577,127.0388191
양서중학교,중학교,37.53262929,126.8291351
서울대은초등학교,초등학교,37.61236712,126.9258698
수도전기공업고등학교,고등학교,37.48493754,127.0644787
서울묵동초등학교,초등학교,37.60335949,127.0808272
미래산업과학고등학교,고등학교,37.65877948,127.0784407
서울성서초등학교,초등학교,37.56059575,126.9109242
신목고등학교,고등학교,37.51290943,126.8736069
충암중학교,중학교,37.58464029,126.9218095
서울양천초등학교,초등학교,37.57018817,126.8395397
서울방송고등학교,고등학교,37.54777448,127.0110373
유석초등학교,초등학교,37.56080588,126.8537249
서울삼일초등학교,초등학교,37.48823549,126.9751016
서울성원초등학교,초등학교,37.56698252,126.9050853
동명여자중학교,중학교,37.56861542,126.9622529
용산중학교,중학교,37.54600281,126.9809763
서울응봉초등학교,초등학교,37.55025339,127.0338297
서울오류남초등학교,초등학교,37.48968652,126.8391127
서울탑산초등학교,초등학교,37.56701719,126.8523683
서울잠현초등학교,초등학교,37.52258587,127.1047786
서울홍은초등학교,초등학교,37.59754027,126.949458
서울이태원초등학교,초등학교,37.53647771,126.9876727
서울잠전초등학교,초등학교,37.50733791,127.0838499
서울고척초등학교,초등학교,37.50094829,126.8569791
서울송중초등학교,초등학교,37.61700008,127.0314657
용문중학교,중학교,37.58869033,127.0246608
서서울생활과학고등학교,고등학교,37.50382919,126.8282007
서울문현초등학교,초등학교,37.48279092,127.1302223
장위중학교,중학교,37.61129251,127.0408411
서울고등학교,고등학교,37.48429306,127.0049019
서울체육중학교,중학교,37.52233038,127.1298226
서울풍성초등학교,초등학교,37.52629486,127.1134884
경성중학교,중학교,37.56351064,126.9191663
대신고등학교,고등학교,37.57312377,126.9612545
휘경중학교,중학교,37.58709299,127.0617461
관악고등학교,고등학교,37.52179166,126.8829505
서울예술고등학교,고등학교,37.60575682,126.9678907
서울연촌초등학교,초등학교,37.63441465,127.0725113
도곡중학교,중학교,37.49230771,127.0452179
서울양남초등학교,초등학교,37.53112324,127.0892343
서울석촌초등학교,초등학교,37.50263063,127.1052122
고려대학교사범대학부속중학교,중학교,37.60783857,127.0028302
녹천중학교,중학교,37.63108361,127.0617375
서울여자중학교,중학교,37.5477805,126.94907
대청중학교,중학교,37.49043056,127.0583501
서울압구정초등학교,초등학교,37.53173911,127.0308441
노원중학교,중학교,37.64936114,127.059692
서울강일초등학교,초등학교,37.56525568,127.1772858
서울영본초등학교,초등학교,37.51129869,126.9486724
정의여자고등학교,고등학교,37.65335584,127.0324273
예일여자중학교,중학교,37.6109459,126.9147928
서울디자인고등학교,고등학교,37.54670177,126.9469053
서울수명초등학교,초등학교,37.55277267,126.8238445
배재고등학교,고등학교,37.55505939,127.1502473
서울장충초등학교,초등학교,37.55991095,127.0117048
서울동호초등학교,초등학교,37.54646244,127.0100328
예일여자고등학교,고등학교,37.6109459,126.9147928
경일중학교,중학교,37.54382982,127.0478683
가재울중학교,중학교,37.57517186,126.9099537
중동중학교,중학교,37.48851679,127.078612
매원초등학교,초등학교,37.59767468,127.0191869
서울장위초등학교,초등학교,37.61144251,127.0500064
역삼중학교,중학교,37.49593388,127.0488444
서울봉화초등학교,초등학교,37.61357623,127.0924085
남대문중학교,중학교,37.61865113,127.0551517
숭문중학교,중학교,37.55089081,126.9457689
국립국악고등학교,고등학교,37.4762308,127.0514732
서울동교초등학교,초등학교,37.55862448,126.9024006
서울신상계초등학교,초등학교,37.66751782,127.0758263
서울화일초등학교,초등학교,37.54072601,126.8474076
서울노원초등학교,초등학교,37.67359347,127.0584544
서울안평초등학교,초등학교,37.56596821,127.0720334
서울후암초등학교,초등학교,37.55136541,126.9817243
진관중학교,중학교,37.64425564,126.9257277
서울고산초등학교,초등학교,37.49897255,126.8647727
서울계남초등학교,초등학교,37.51016776,126.8600159
서울구로초등학교,초등학교,37.49746187,126.8865543
동원중학교,중학교,37.60380725,127.1094981
한성여자고등학교,고등학교,37.5830649,127.0117841
서울경동초등학교,초등학교,37.5438253,127.050074
서울서교초등학교,초등학교,37.55488903,126.9243787
서울북성초등학교,초등학교,37.55963212,126.9518349
서울창원초등학교,초등학교,37.65264409,127.0399799
서울신정고등학교,고등학교,37.53838143,126.8570622
세곡중학교,중학교,37.47198073,127.0918862
서울월정초등학교,초등학교,37.53499419,126.8362936
서울반원초등학교,초등학교,37.510312,127.0040536
대치중학교,중학교,37.48457751,127.0470652
신현고등학교,고등학교,37.60524904,127.0929499
서울목원초등학교,초등학교,37.54291947,126.8824459
경수중학교,중학교,37.53950904,127.0592712
서울우이초등학교,초등학교,37.63865468,127.0148822
서울녹천초등학교,초등학교,37.6285066,127.0631172
영신고등학교,고등학교,37.49810094,126.909739
서울백석초등학교,초등학교,37.55364765,126.8624258
태릉중학교,중학교,37.61253191,127.0834355
서울삼양초등학교,초등학교,37.62329558,127.0161491
서울우장초등학교,초등학교,37.54963819,126.8459842
상명고등학교,고등학교,37.64954781,127.0680416
서울시흥초등학교,초등학교,37.45534062,126.9046393
서울지향초등학교,초등학교,37.51283768,126.8370238
서연중학교,중학교,37.56822527,126.9273336
서울명덕초등학교,초등학교,37.55676233,127.1450815
서울중흥초등학교,초등학교,37.60167188,127.0841422
서울쌍문초등학교,초등학교,37.64836383,127.0242911
동성중학교,중학교,37.58496996,127.0030976
서울문창초등학교,초등학교,37.48898483,126.9148407
충암초등학교,초등학교,37.58464029,126.9218095
서울마장초등학교,초등학교,37.56830949,127.042128
풍성중학교,중학교,37.52543858,127.1128839
면목고등학교,고등학교,37.58466341,127.0972706
한양초등학교,초등학교,37.55762103,127.0502634
성일중학교,중학교,37.58185023,127.0338291
중화중학교,중학교,37.58450379,127.0945608
청원고등학교,고등학교,37.66525155,127.0625329
대원고등학교,고등학교,37.56249279,127.0894374
서초고등학교,고등학교,37.48961169,127.0053782
서울신대림초등학교,초등학교,37.49215682,126.9058543
노일중학교,중학교,37.67260103,127.0535508
구룡중학교,중학교,37.48615258,127.056121
신방학중학교,중학교,37.66414043,127.028899
서울대청초등학교,초등학교,37.4931481,127.0877673
서울대왕초등학교,초등학교,37.46462117,127.1055912
진선여자중학교,중학교,37.50232303,127.0482866
서울창신초등학교,초등학교,37.57621147,127.0142837
마곡중학교,중학교,37.56790712,126.8214009
개웅중학교,중학교,37.4875269,126.8510711
예일초등학교,초등학교,37.6109459,126.9147928
서울송전초등학교,초등학교,37.50881326,127.0951265
백암고등학교,고등학교,37.51219626,126.844377
성사중학교,중학교,37.5680911,126.912683
서울상경초등학교,초등학교,37.67050507,127.0516742
서울연천초등학교,초등학교,37.62134929,126.9299179
서울길음초등학교,초등학교,37.61363115,127.01666
서울매그넷고등학교,고등학교,37.45193626,126.9158199
서울중대초등학교,초등학교,37.4998119,127.1136055
창덕여자중학교,중학교,37.5664328,126.9692102
서울온수초등학교,초등학교,37.49400506,126.8259667
송곡관광고등학교,고등학교,37.60668904,127.1051455
서울개웅초등학교,초등학교,37.48857132,126.8499823
서울금북초등학교,초등학교,37.55749549,127.0235067
서울동신초등학교,초등학교,37.58328787,127.017058
효문고등학교,고등학교,37.65269871,127.0184005
영락중학교,중학교,37.5969603,126.9251334
경신고등학교,고등학교,37.59222582,126.999531
서울백운초등학교,초등학교,37.65264151,127.0136725
홍익대학교사범대학부속여자고등학교,고등학교,37.55964474,126.9132084
성덕여자중학교,중학교,37.54996367,127.1419039
신창중학교,중학교,37.6285588,127.0474776
휘경공업고등학교,고등학교,37.58521558,127.0697283
이화여자대학교사범대학부속초등학교,초등학교,37.56115022,126.9427504
서울사근초등학교,초등학교,37.562685,127.047545
신광초등학교,초등학교,37.54289988,126.9694475
서울강명초등학교,초등학교,37.55470604,127.1733624
세일중학교,중학교,37.47459441,126.8953689
광운초등학교,초등학교,37.61865113,127.0551517
마포고등학교,고등학교,37.55998867,126.8531334
여의도중학교,중학교,37.5239802,126.9357531
경복초등학교,초등학교,37.54982961,127.0867934
정의여자중학교,중학교,37.65335584,127.0324273
서울도성초등학교,초등학교,37.50146201,127.0488722
보인중학교,중학교,37.4975692,127.1395178
서울서강초등학교,초등학교,37.54869715,126.9268512
덕수중학교,중학교,37.56557957,126.9969973
길음중학교,중학교,37.61409036,127.0174557
인창중학교,중학교,37.56488513,126.9640232
영등포고등학교,고등학교,37.5080846,126.9331435
서울송례초등학교,초등학교,37.4778913,127.1384402
중경고등학교,고등학교,37.5176804,126.9756383
보성여자고등학교,고등학교,37.54308154,126.9842996
양진중학교,중학교,37.54457517,127.0983485
신서중학교,중학교,37.51596644,126.8550164
삼각산고등학교,고등학교,37.61628573,127.0201333
서울동명초등학교,초등학교,37.56812285,127.0351082
성심여자고등학교,고등학교,37.53420937,126.9545934
무학여자고등학교,고등학교,37.55762633,127.0338809
서울숭덕초등학교,초등학교,37.6038198,127.013291
선린중학교,중학교,37.54296872,126.9649361
서울삼전초등학교,초등학교,37.50169984,127.0932689
서울양전초등학교,초등학교,37.49028284,127.0694253
불암고등학교,고등학교,37.64915853,127.0803058
연서중학교,중학교,37.58704446,126.9092766
한양중학교,중학교,37.5658716,127.0114433
서울홍연초등학교,초등학교,37.58211871,126.9306604
경기기계공업고등학교,고등학교,37.63224005,127.0749285
상문고등학교,고등학교,37.47975543,127.0039168
대방중학교,중학교,37.49543678,126.9130162
청량중학교,중학교,37.58821921,127.0506225
서울영신초등학교,초등학교,37.51017196,126.9181917
화곡중학교,중학교,37.5484056,126.8326573
서울은빛초등학교,초등학교,37.64153447,126.921856
신도고등학교,고등학교,37.62913251,126.9187486
서울충무초등학교,초등학교,37.56194948,127.0012351
서울서초초등학교,초등학교,37.49904877,127.0248915
염광중학교,중학교,37.6302165,127.0492646
구일중학교,중학교,37.49530091,126.8737702
서울세종고등학교,고등학교,37.49038935,127.1027968
서울오봉초등학교,초등학교,37.67175795,127.040259
서울등명초등학교,초등학교,37.56089445,126.8423822
상현중학교,중학교,37.49398955,126.9603433
서울삼각산초등학교,초등학교,37.61614897,127.0145684
영락의료과학고등학교,고등학교,37.47658804,126.9454164
불광중학교,중학교,37.62320355,126.9321291
서울북가좌초등학교,초등학교,37.57722021,126.9077782
배재중학교,중학교,37.55505939,127.1502473
서울경수초등학교,초등학교,37.53950904,127.0592712
수락중학교,중학교,37.68314469,127.0548083
서울개일초등학교,초등학교,37.48621414,127.0577406
신도봉중학교,중학교,37.64959473,127.0332017
성보중학교,중학교,37.48072837,126.9209573
서울무학초등학교,초등학교,37.56327474,127.0296135
양강중학교,중학교,37.52491016,126.849688
아현중학교,중학교,37.55640071,126.9565
월촌중학교,중학교,37.53706518,126.8827588
동일중학교,중학교,37.45193626,126.9158199
선화예술고등학교,고등학교,37.5509798,127.0870952
서울연신초등학교,초등학교,37.62605996,126.9277513
영등포여자고등학교,고등학교,37.51538845,126.9153563
효문중학교,중학교,37.65269871,127.0184005
서울홍릉초등학교,초등학교,37.59068752,127.0477051
상암중학교,중학교,37.57905692,126.8875508
영동일고등학교,고등학교,37.51003447,127.089867
잠실여자중학교,중학교,37.50177714,127.1142413
명지초등학교,초등학교,37.58362994,126.9282315
서울강월초등학교,초등학교,37.51634172,126.8334319
이화여자외국어고등학교,고등학교,37.56557732,126.9696417
장충고등학교,고등학교,37.5535149,127.006415
송례중학교,중학교,37.47783301,127.1397415
수명고등학교,고등학교,37.54976186,126.8247662
서울아이티고등학교,고등학교,37.64241844,127.0624493
서울홍파초등학교,초등학교,37.58622252,127.0395199
서울위례별초등학교,초등학교,37.47908713,127.1450416
한성중학교,중학교,37.55909644,126.9544565
서울국제고등학교,고등학교,37.59179115,126.9954907
성원중학교,중학교,37.53945182,127.0513835
서울안암초등학교,초등학교,37.5871587,127.0220989
미성중학교,중학교,37.47538281,126.9120889
서울염창초등학교,초등학교,37.55322614,126.8676002
서울서일초등학교,초등학교,37.48529778,127.0221598
숙명여자고등학교,고등학교,37.49147536,127.0526126
서울염경초등학교,초등학교,37.55500067,126.8712046
서울신정초등학교,초등학교,37.53207171,126.8523579
서울우면초등학교,초등학교,37.46471047,127.0237894
서울상도초등학교,초등학교,37.50034777,126.9372288
마포중학교,중학교,37.55998867,126.8531334
숭의여자중학교,중학교,37.50736414,126.9292433
서울고명초등학교,초등학교,37.55297253,127.1474362
서울양강초등학교,초등학교,37.52423449,126.8478515
이화여자대학교병설미디어고등학교,고등학교,37.6031324,127.1053324
동일여자고등학교,고등학교,37.45193626,126.9158199
서울노일초등학교,초등학교,37.67375444,127.0549667
중앙고등학교,고등학교,37.58378822,126.9874726
서울평화초등학교,초등학교,37.49156712,127.1228237
강동중학교,중학교,37.56965025,127.177836
서울발산초등학교,초등학교,37.55026244,126.8309944
서울내발산초등학교,초등학교,37.55088255,126.8381642
휘문중학교,중학교,37.50528945,127.0619841
명일중학교,중학교,37.55759545,127.1472905
서울잠신초등학교,초등학교,37.51411407,127.0879435
화곡보건경영고등학교,고등학교,37.5484056,126.8326573
서울고원초등학교,초등학교,37.49761122,126.8657993
공릉중학교,중학교,37.62222778,127.0836019
한서고등학교,고등학교,37.5747927,126.8081439
서울구산초등학교,초등학교,37.61275096,126.9093765
서울신봉초등학교,초등학교,37.48557635,126.9493909
양동중학교,중학교,37.54836875,126.8687172
마장중학교,중학교,37.56830949,127.042128
구산중학교,중학교,37.60987202,126.9094887
서울휘경초등학교,초등학교,37.58573583,127.0582142
신서고등학교,고등학교,37.52391432,126.8602096
신암중학교,중학교,37.55636169,127.1336043
서울문래초등학교,초등학교,37.51914038,126.8936057
서울남명초등학교,초등학교,37.515684,126.8540837
서울중동초등학교,초등학교,37.56641061,126.9117752
송곡여자중학교,중학교,37.60668904,127.1051455
구현고등학교,고등학교,37.50220279,126.8744458
서울치현초등학교,초등학교,37.57591915,126.8146456
광희중학교,중학교,37.55115453,127.03398
서울용답초등학교,초등학교,37.56073011,127.0537608
장훈고등학교,고등학교,37.51334559,126.9162285
자운고등학교,고등학교,37.65902067,127.0506763
서울성일초등학교,초등학교,37.52970924,127.1284083
증산중학교,중학교,37.58344275,126.9041567
중앙여자중학교,중학교,37.56317672,126.9540593
용강중학교,중학교,37.52157693,126.9754853
영등포중학교,중학교,37.5080846,126.9331435
서울대학교사범대학부설초등학교,초등학교,37.5775997,127.0042955
서울마포초등학교,초등학교,37.53860225,126.949816
염경중학교,중학교,37.55453781,126.8705292
창동중학교,중학교,37.66322957,127.0489975
서울재동초등학교,초등학교,37.58002991,126.9851778
백운중학교,중학교,37.65640592,127.0359041
서울상일초등학교,초등학교,37.54757217,127.1726635
솔샘고등학교,고등학교,37.62366717,127.0121354
신진과학기술고등학교,고등학교,37.59871385,126.9188364
상일여자고등학교,고등학교,37.54858748,127.1708235
서울동자초등학교,초등학교,37.53505821,127.0721792
서울선사초등학교,초등학교,37.55584691,127.128196
대림중학교,중학교,37.49231887,126.9074673
상일미디어고등학교,고등학교,37.54858748,127.1708235
서울의료보건고등학교,고등학교,37.55729809,126.9667727
성내중학교,중학교,37.52906191,127.1291173
서울개봉초등학교,초등학교,37.48952491,126.857976
청원여자고등학교,고등학교,37.66525155,127.0625329
화랑초등학교,초등학교,37.62878266,127.0889915
서울방산초등학교,초등학교,37.50955532,127.1210892
선린인터넷고등학교,고등학교,37.54296872,126.9649361
성보고등학교,고등학교,37.48072837,126.9209573
서울선린초등학교,초등학교,37.52976012,127.145594
서울조원초등학교,초등학교,37.48417783,126.909581
선일빅데이터고등학교,고등학교,37.62033713,126.9119931
서울전동초등학교,초등학교,37.57908329,127.0608053
대왕중학교,중학교,37.48346033,127.0873381
서울휘봉초등학교,초등학교,37.58567641,127.0700416
서울영서초등학교,초등학교,37.48896082,126.8955833
서울덕암초등학교,초등학교,37.6666212,127.0814598
잠신중학교,중학교,37.51613937,127.087802
서울동답초등학교,초등학교,37.57150142,127.0640341
대원외국어고등학교,고등학교,37.56249279,127.0894374
광남고등학교,고등학교,37.54151472,127.1012139
청량고등학교,고등학교,37.588886,127.051311
성암여자중학교,중학교,37.62041353,127.0239059
잠일고등학교,고등학교,37.514521,127.0825552
서울태릉초등학교,초등학교,37.62310241,127.0850589
양정고등학교,고등학교,37.53539226,126.8877343
면목중학교,중학교,37.58321586,127.0963033
영동중학교,중학교,37.46598629,127.0251408
구암고등학교,고등학교,37.49244195,126.949625
서울북한산초등학교,초등학교,37.65363208,126.9504624
광남중학교,중학교,37.54083041,127.1016205
배화여자중학교,중학교,37.57954401,126.9672919
혜원여자중학교,중학교,37.59327987,127.0970427
석관중학교,중학교,37.60814014,127.0667131
인창고등학교,고등학교,37.56488513,126.9640232
신도중학교,중학교,37.63298366,126.9308787
서울인수초등학교,초등학교,37.64305053,127.0091358
대영중학교,중학교,37.50343784,126.905208
서울계상초등학교,초등학교,37.66219777,127.0686777
신일고등학교,고등학교,37.62796722,127.0284031
태강삼육초등학교,초등학교,37.64335737,127.1088503
서울한산초등학교,초등학교,37.52869458,127.141077
여의도고등학교,고등학교,37.52505101,126.9342192
서울신상도초등학교,초등학교,37.50034802,126.9446159
서울대신초등학교,초등학교,37.55795026,126.9480572
서울덕수초등학교,초등학교,37.56908888,126.9746579
경복고등학교,고등학교,37.58594567,126.9715109
서울성수초등학교,초등학교,37.54433609,127.0631674
동성고등학교,고등학교,37.58496996,127.0030619
서울녹번초등학교,초등학교,37.60458339,126.9257463
서울항공비즈니스고등학교,고등학교,37.56921778,126.8170408
대신중학교,중학교,37.57310947,126.9612545
수락고등학교,고등학교,37.68293167,127.053571
명덕고등학교,고등학교,37.55390749,126.8342914
서울삼성초등학교,초등학교,37.46852204,126.9404929
서울당현초등학교,초등학교,37.64826016,127.0582136
삼성고등학교,고등학교,37.46913998,126.9436438
서울수리초등학교,초등학교,37.62030737,126.9341783
신도림고등학교,고등학교,37.51406292,126.8820838
서울신명초등학교,초등학교,37.54092685,127.1499791
서울신암초등학교,초등학교,37.55002367,127.1244044
선일여자고등학교,고등학교,37.62030421,126.9119931
경성고등학교,고등학교,37.56351064,126.9191663
서울대조초등학교,초등학교,37.61357914,126.9193022
경일고등학교,고등학교,37.54382982,127.0478683
노곡중학교,중학교,37.64880251,127.0537437
장충중학교,중학교,37.5535149,127.006415
계성고등학교,고등학교,37.6074936,127.0201836
서울은명초등학교,초등학교,37.59769681,126.9182757
선정국제관광고등학교,고등학교,37.61870451,126.9090316
서울대명초등학교,초등학교,37.54766615,127.1532897
서울오정초등학교,초등학교,37.49016566,126.8264392
영림중학교,중학교,37.49721962,126.8906895
서울연은초등학교,초등학교,37.59051222,126.9251778
명일여자고등학교,고등학교,37.54977633,127.1495815
서울강빛초등학교,초등학교,37.57432025,127.1707749
둔촌중학교,중학교,37.53083609,127.1463317
서울역촌초등학교,초등학교,37.60158417,126.913928
서울언남초등학교,초등학교,37.45380928,127.0614475
국립전통예술고등학교,고등학교,37.44637006,126.9064871
동광초등학교,초등학교,37.45199688,126.9158199
수도여자고등학교,고등학교,37.49280146,126.9149071
마곡하늬중학교,중학교,37.55812766,126.8209848
신광여자고등학교,고등학교,37.54289988,126.9694475
화계중학교,중학교,37.63251806,127.0097091
서울망원초등학교,초등학교,37.56088948,126.9007631
영훈초등학교,초등학교,37.61468187,127.0280933
한울중학교,중학교,37.46240099,126.9071815
서울창서초등학교,초등학교,37.55814305,126.9334809
세그루패션디자인고등학교,고등학교,37.65634868,127.0268766
서울성내초등학교,초등학교,37.53135786,127.1225001
여의도여자고등학교,고등학교,37.52288764,126.9350871
서울중랑초등학교,초등학교,37.58966282,127.0755035
봉림중학교,중학교,37.48119817,126.9377027
서울둔촌초등학교,초등학교,37.52624852,127.1374348
공항고등학교,고등학교,37.57046109,126.8185198
은평메디텍고등학교,고등학교,37.63534652,126.9297048
서울광장초등학교,초등학교,37.54854922,127.1017999
상명초등학교,초등학교,37.64872348,127.0669678
동북고등학교,고등학교,37.52024061,127.1394507
영남중학교,중학교,37.49787218,126.8958365
강명중학교,중학교,37.5554045,127.1750136
동구여자중학교,중학교,37.5941935,127.0082153
명지고등학교,고등학교,37.58491135,126.9270902
원촌중학교,중학교,37.5063251,127.0146997
서울영일초등학교,초등학교,37.48564539,126.8838134
경신중학교,중학교,37.59220227,126.999531
서울원신초등학교,초등학교,37.46719824,126.9272409
수유중학교,중학교,37.6315652,127.0104838
서울디지텍고등학교,고등학교,37.53896942,126.9906121
창천중학교,중학교,37.55498958,126.9392951
신명중학교,중학교,37.54181449,127.1492919
서울당곡초등학교,초등학교,37.49016812,126.9303698
오남중학교,중학교,37.48705969,126.837249
서울수락초등학교,초등학교,37.68450319,127.0551852
서울행당초등학교,초등학교,37.55701913,127.0348734
도봉중학교,중학교,37.67088384,127.0458717
서울등원초등학교,초등학교,37.55981354,126.850069
숭의초등학교,초등학교,37.55785307,126.9874816
서울구의초등학교,초등학교,37.54300899,127.0803118
서울갈현초등학교,초등학교,37.61977964,126.9166834
서울영남초등학교,초등학교,37.47612262,126.9092099
대광초등학교,초등학교,37.57915104,127.0234459
한영중학교,중학교,37.54914056,127.1577731
연천중학교,중학교,37.62754521,126.9258198
상계고등학교,고등학교,37.65272468,127.0554534
목운중학교,중학교,37.52700952,126.8730442
서울개원초등학교,초등학교,37.48161842,127.0587363
누원고등학교,고등학교,37.68556896,127.0499327
서울매동초등학교,초등학교,37.57749965,126.9669415
염광메디텍고등학교,고등학교,37.63028445,127.0492646
세종초등학교,초등학교,37.5530111,127.0728646
서울매봉초등학교,초등학교,37.50491523,126.8443653
서울영문초등학교,초등학교,37.51980741,126.8875891
고덕중학교,중학교,37.56036661,127.1616435
경기상업고등학교,고등학교,37.58925853,126.9700571
서울천호초등학교,초등학교,37.54771897,127.1365923
강빛중학교,중학교,37.57434332,127.1707749
서울영등포초등학교,초등학교,37.51287942,126.899634
한광고등학교,고등학교,37.53884371,126.857922
동북중학교,중학교,37.52024061,127.1394507
서울양목초등학교,초등학교,37.52391851,126.8614719
동국대학교사범대학부속가람고등학교,고등학교,37.54192936,127.0869732
영도중학교,중학교,37.53631557,126.8657711
한신초등학교,초등학교,37.65335584,127.0324273
상일중학교,중학교,37.54858748,127.1708235
서울석관초등학교,초등학교,37.61102206,127.0583553
대원국제중학교,중학교,37.56249279,127.0894181
서울한강초등학교,초등학교,37.52522655,126.965079
선사고등학교,고등학교,37.55631588,127.1357998
공항중학교,중학교,37.56217751,126.8149668
서울노량진초등학교,초등학교,37.51175038,126.9408242
서울우솔초등학교,초등학교,37.45709258,127.0192756
인왕중학교,중학교,37.59273522,126.9517793
신사중학교,중학교,37.52469784,127.0211914
서울고은초등학교,초등학교,37.58500184,126.9439749
서울신기초등학교,초등학교,37.5113683,126.854213
한산중학교,중학교,37.52890274,127.1403034
서울아현초등학교,초등학교,37.5558319,126.9562422
서울청운초등학교,초등학교,37.58592131,126.9692423
서울명일초등학교,초등학교,37.5545536,127.1425911
신반포중학교,중학교,37.50626532,126.9961146
신양중학교,중학교,37.53365227,127.0634311
서울어울초등학교,초등학교,37.60656331,126.9350984
서울등마초등학교,초등학교,37.54204371,126.8616672
윤중중학교,중학교,37.51897848,126.9241232
용산철도고등학교,고등학교,37.52430312,126.9673581
금호고등학교,고등학교,37.5536215,127.0234338
서울금나래초등학교,초등학교,37.45823,126.8962417
광문고등학교,고등학교,37.56046181,127.1585463
서울연광초등학교,초등학교,37.62364876,126.923909
용마중학교,중학교,37.5745074,127.0862687
성덕고등학교,고등학교,37.54996367,127.1419039
재현중학교,중학교,37.66126447,127.0807998
서울강솔초등학교,초등학교,37.56186962,127.1802671
상명대학교사범대학부속여자고등학교,고등학교,37.60410891,126.9551595
서울신도초등학교,초등학교,37.63296389,126.9291989
서울공연초등학교,초등학교,37.62754753,127.0745089
서울가인초등학교,초등학교,37.6594678,127.0429509
서울성자초등학교,초등학교,37.53149357,127.0834083
서울명원초등학교,초등학교,37.55128785,127.1505002
성수고등학교,고등학교,37.54734181,127.0382534
성신여자중학교,중학교,37.59462313,127.0231285
한영고등학교,고등학교,37.54913153,127.1577731
서울교동초등학교,초등학교,37.57500567,126.9881513
추계초등학교,초등학교,37.56317672,126.9540593
동신중학교,중학교,37.53676952,127.1343666
서울고덕초등학교,초등학교,37.56129361,127.1660799
염광고등학교,고등학교,37.63028445,127.0492646
강동고등학교,고등학교,37.54991665,127.1606683
광양고등학교,고등학교,37.52937892,127.0851823
서울창동초등학교,초등학교,37.65536304,127.0448329
세현고등학교,고등학교,37.56043066,126.8636211
신길중학교,중학교,37.50201923,126.9154741
대일관광고등학교,고등학교,37.51141377,126.8349067
둔촌고등학교,고등학교,37.53143258,127.1438087
서울금호초등학교,초등학교,37.55196497,127.0197434
서울금융고등학교,고등학교,37.5376165,126.8256209
동대문중학교,중학교,37.57452207,127.0519943
서울강동초등학교,초등학교,37.5463638,127.1301872
서울정목초등학교,초등학교,37.53652885,126.8700491
풍문고등학교,고등학교,37.47135959,127.0999634
방산고등학교,고등학교,37.50831315,127.1204696
예일디자인고등학교,고등학교,37.6109459,126.9147928
서울상천초등학교,초등학교,37.64628513,127.0578888
우촌초등학교,초등학교,37.59560791,127.0114325
대진여자고등학교,고등학교,37.64617362,127.0671966
해누리중학교,중학교,37.49824464,127.1021919
서울묘곡초등학교,초등학교,37.55871279,127.1530934
서울천일초등학교,초등학교,37.54436122,127.1334367
서울이문초등학교,초등학교,37.60189649,127.064885
개포중학교,중학교,37.48078757,127.0616268
서울세명초등학교,초등학교,37.4688571,127.0910759
서울월천초등학교,초등학교,37.64804738,127.0517539
서울등촌초등학교,초등학교,37.54761422,126.8579422
노원고등학교,고등학교,37.66180319,127.0540195
서울도시과학기술고등학교,고등학교,37.6078128,127.0330442
서울정심초등학교,초등학교,37.47199405,126.9082144
서울돈암초등학교,초등학교,37.59371444,127.0131036
도선고등학교,고등학교,37.56684395,127.0269957
서울천동초등학교,초등학교,37.5410159,127.1378287
서울인공지능고등학교,고등학교,37.49175309,127.1423309
내곡중학교,중학교,37.45200325,127.0544446
서울일원초등학교,초등학교,37.48978808,127.0763669
서울응암초등학교,초등학교,37.58875319,126.9216161
서울하늘숲초등학교,초등학교,37.48418114,126.8416517
서울항동초등학교,초등학교,37.47718813,126.8239832
서울양원숲초등학교,초등학교,37.60934379,127.1051943
연희중학교,중학교,37.57958728,126.9187918
서울위례초등학교,초등학교,37.52231852,127.1394366
서울양재초등학교,초등학교,37.47416538,127.0318861
서울우신초등학교,초등학교,37.50986472,126.9118637
시흥중학교,중학교,37.44629507,126.9050823
연신중학교,중학교,37.62353926,126.9242879
서울영상고등학교,고등학교,37.52330444,126.8602935
항동중학교,중학교,37.48285456,126.82019
서울고일초등학교,초등학교,37.55154262,127.1694101
세륜중학교,중학교,37.50893314,127.1312464
오륜중학교,중학교,37.51632395,127.1389238
서울염리초등학교,초등학교,37.54271029,126.945999
서울방현초등학교,초등학교,37.47650298,126.9900734
서울중현초등학교,초등학교,37.63251462,127.0659521
